1|jlandau2|tree|jlandau2@ycp.edu|0
2|dhill22|banana|dhill22@ycp.edu|0
3|acastro7|wizard|acastro7@ycp.edu|0
4|zhirs|monkey|zhirs@ycp.edu|0
5|profX|profx|profX@yahoo.com|1
6|profY|profy|profY@hotmail.com|1
7|profZ|profz|profZ@aol.com|1
8|student1|oof|student1@mcdaniel.com|2
9|student2|rab|student2@ycp.edu|2
10|student3|muspi|student3@ycp.edu|2